Year,SERIES,REF_AREA,COMPOSITE_BREAKDOWN,UNIT_MEASURE,DATA_LAST_UPDATE,OBS_STATUS,UNIT_MULT,TIME_DETAIL,COMMENT_OBS,SOURCE_DETAIL,Value
2010,SH_IHR_CAPS,231,IHR_01,PT,2024-04-15T00:00:00,A,0,2017,"From 2010 – 2017, States Parties used the IHR monitoring questionnaire. The report is available in the e-SPAR platform (https://extranet.who.int/e-spar/ ).",IHR State Party Self-assessment annual report received and recorded in the WHO e-SPAR Platform (https://extranet.who.int/e-spar/ ).,100
2011,SH_IHR_CAPS,231,IHR_01,PT,2024-04-15T00:00:00,A,0,2017,"From 2010 – 2017, States Parties used the IHR monitoring questionnaire. The report is available in the e-SPAR platform (https://extranet.who.int/e-spar/ ).",IHR State Party Self-assessment annual report received and recorded in the WHO e-SPAR Platform (https://extranet.who.int/e-spar/ ).,100
2012,SH_IHR_CAPS,231,IHR_01,PT,2024-04-15T00:00:00,A,0,2017,"From 2010 – 2017, States Parties used the IHR monitoring questionnaire. The report is available in the e-SPAR platform (https://extranet.who.int/e-spar/ ).",IHR State Party Self-assessment annual report received and recorded in the WHO e-SPAR Platform (https://extranet.who.int/e-spar/ ).,100
2014,SH_IHR_CAPS,231,IHR_01,PT,2024-04-15T00:00:00,A,0,2017,"From 2010 – 2017, States Parties used the IHR monitoring questionnaire. The report is available in the e-SPAR platform (https://extranet.who.int/e-spar/ ).",IHR State Party Self-assessment annual report received and recorded in the WHO e-SPAR Platform (https://extranet.who.int/e-spar/ ).,100
2015,SH_IHR_CAPS,231,IHR_01,PT,2024-04-15T00:00:00,A,0,2017,"From 2010 – 2017, States Parties used the IHR monitoring questionnaire. The report is available in the e-SPAR platform (https://extranet.who.int/e-spar/ ).",IHR State Party Self-assessment annual report received and recorded in the WHO e-SPAR Platform (https://extranet.who.int/e-spar/ ).,100
2016,SH_IHR_CAPS,231,IHR_01,PT,2024-04-15T00:00:00,A,0,2017,"From 2010 – 2017, States Parties used the IHR monitoring questionnaire. The report is available in the e-SPAR platform (https://extranet.who.int/e-spar/ ).",IHR State Party Self-assessment annual report received and recorded in the WHO e-SPAR Platform (https://extranet.who.int/e-spar/ ).,100
2017,SH_IHR_CAPS,231,IHR_01,PT,2024-04-15T00:00:00,A,0,2017,"From 2010 – 2017, States Parties used the IHR monitoring questionnaire. The report is available in the e-SPAR platform (https://extranet.who.int/e-spar/ ).",IHR State Party Self-assessment annual report received and recorded in the WHO e-SPAR Platform (https://extranet.who.int/e-spar/ ).,100
2010,SH_IHR_CAPS,231,IHR_02,PT,2024-04-15T00:00:00,A,0,2017,"From 2010 – 2017, States Parties used the IHR monitoring questionnaire. The report is available in the e-SPAR platform (https://extranet.who.int/e-spar/ ).",IHR State Party Self-assessment annual report received and recorded in the WHO e-SPAR Platform (https://extranet.who.int/e-spar/ ).,20
2011,SH_IHR_CAPS,231,IHR_02,PT,2024-04-15T00:00:00,A,0,2017,"From 2010 – 2017, States Parties used the IHR monitoring questionnaire. The report is available in the e-SPAR platform (https://extranet.who.int/e-spar/ ).",IHR State Party Self-assessment annual report received and recorded in the WHO e-SPAR Platform (https://extranet.who.int/e-spar/ ).,83
2012,SH_IHR_CAPS,231,IHR_02,PT,2024-04-15T00:00:00,A,0,2017,"From 2010 – 2017, States Parties used the IHR monitoring questionnaire. The report is available in the e-SPAR platform (https://extranet.who.int/e-spar/ ).",IHR State Party Self-assessment annual report received and recorded in the WHO e-SPAR Platform (https://extranet.who.int/e-spar/ ).,83
2014,SH_IHR_CAPS,231,IHR_02,PT,2024-04-15T00:00:00,A,0,2017,"From 2010 – 2017, States Parties used the IHR monitoring questionnaire. The report is available in the e-SPAR platform (https://extranet.who.int/e-spar/ ).",IHR State Party Self-assessment annual report received and recorded in the WHO e-SPAR Platform (https://extranet.who.int/e-spar/ ).,66
2015,SH_IHR_CAPS,231,IHR_02,PT,2024-04-15T00:00:00,A,0,2017,"From 2010 – 2017, States Parties used the IHR monitoring questionnaire. The report is available in the e-SPAR platform (https://extranet.who.int/e-spar/ ).",IHR State Party Self-assessment annual report received and recorded in the WHO e-SPAR Platform (https://extranet.who.int/e-spar/ ).,83
2016,SH_IHR_CAPS,231,IHR_02,PT,2024-04-15T00:00:00,A,0,2017,"From 2010 – 2017, States Parties used the IHR monitoring questionnaire. The report is available in the e-SPAR platform (https://extranet.who.int/e-spar/ ).",IHR State Party Self-assessment annual report received and recorded in the WHO e-SPAR Platform (https://extranet.who.int/e-spar/ ).,83
2017,SH_IHR_CAPS,231,IHR_02,PT,2024-04-15T00:00:00,A,0,2017,"From 2010 – 2017, States Parties used the IHR monitoring questionnaire. The report is available in the e-SPAR platform (https://extranet.who.int/e-spar/ ).",IHR State Party Self-assessment annual report received and recorded in the WHO e-SPAR Platform (https://extranet.who.int/e-spar/ ).,83
2010,SH_IHR_CAPS,231,IHR_03,PT,2024-04-15T00:00:00,A,0,2017,"From 2010 – 2017, States Parties used the IHR monitoring questionnaire. The report is available in the e-SPAR platform (https://extranet.who.int/e-spar/ ).",IHR State Party Self-assessment annual report received and recorded in the WHO e-SPAR Platform (https://extranet.who.int/e-spar/ ).,72
2011,SH_IHR_CAPS,231,IHR_03,PT,2024-04-15T00:00:00,A,0,2017,"From 2010 – 2017, States Parties used the IHR monitoring questionnaire. The report is available in the e-SPAR platform (https://extranet.who.int/e-spar/ ).",IHR State Party Self-assessment annual report received and recorded in the WHO e-SPAR Platform (https://extranet.who.int/e-spar/ ).,85
2012,SH_IHR_CAPS,231,IHR_03,PT,2024-04-15T00:00:00,A,0,2017,"From 2010 – 2017, States Parties used the IHR monitoring questionnaire. The report is available in the e-SPAR platform (https://extranet.who.int/e-spar/ ).",IHR State Party Self-assessment annual report received and recorded in the WHO e-SPAR Platform (https://extranet.who.int/e-spar/ ).,85
2014,SH_IHR_CAPS,231,IHR_03,PT,2024-04-15T00:00:00,A,0,2017,"From 2010 – 2017, States Parties used the IHR monitoring questionnaire. The report is available in the e-SPAR platform (https://extranet.who.int/e-spar/ ).",IHR State Party Self-assessment annual report received and recorded in the WHO e-SPAR Platform (https://extranet.who.int/e-spar/ ).,95
2015,SH_IHR_CAPS,231,IHR_03,PT,2024-04-15T00:00:00,A,0,2017,"From 2010 – 2017, States Parties used the IHR monitoring questionnaire. The report is available in the e-SPAR platform (https://extranet.who.int/e-spar/ ).",IHR State Party Self-assessment annual report received and recorded in the WHO e-SPAR Platform (https://extranet.who.int/e-spar/ ).,95
2016,SH_IHR_CAPS,231,IHR_03,PT,2024-04-15T00:00:00,A,0,2017,"From 2010 – 2017, States Parties used the IHR monitoring questionnaire. The report is available in the e-SPAR platform (https://extranet.who.int/e-spar/ ).",IHR State Party Self-assessment annual report received and recorded in the WHO e-SPAR Platform (https://extranet.who.int/e-spar/ ).,95
2017,SH_IHR_CAPS,231,IHR_03,PT,2024-04-15T00:00:00,A,0,2017,"From 2010 – 2017, States Parties used the IHR monitoring questionnaire. The report is available in the e-SPAR platform (https://extranet.who.int/e-spar/ ).",IHR State Party Self-assessment annual report received and recorded in the WHO e-SPAR Platform (https://extranet.who.int/e-spar/ ).,95
2010,SH_IHR_CAPS,231,IHR_04,PT,2024-04-15T00:00:00,A,0,2017,"From 2010 – 2017, States Parties used the IHR monitoring questionnaire. The report is available in the e-SPAR platform (https://extranet.who.int/e-spar/ ).",IHR State Party Self-assessment annual report received and recorded in the WHO e-SPAR Platform (https://extranet.who.int/e-spar/ ).,22
2011,SH_IHR_CAPS,231,IHR_04,PT,2024-04-15T00:00:00,A,0,2017,"From 2010 – 2017, States Parties used the IHR monitoring questionnaire. The report is available in the e-SPAR platform (https://extranet.who.int/e-spar/ ).",IHR State Party Self-assessment annual report received and recorded in the WHO e-SPAR Platform (https://extranet.who.int/e-spar/ ).,35
2012,SH_IHR_CAPS,231,IHR_04,PT,2024-04-15T00:00:00,A,0,2017,"From 2010 – 2017, States Parties used the IHR monitoring questionnaire. The report is available in the e-SPAR platform (https://extranet.who.int/e-spar/ ).",IHR State Party Self-assessment annual report received and recorded in the WHO e-SPAR Platform (https://extranet.who.int/e-spar/ ).,58
2014,SH_IHR_CAPS,231,IHR_04,PT,2024-04-15T00:00:00,A,0,2017,"From 2010 – 2017, States Parties used the IHR monitoring questionnaire. The report is available in the e-SPAR platform (https://extranet.who.int/e-spar/ ).",IHR State Party Self-assessment annual report received and recorded in the WHO e-SPAR Platform (https://extranet.who.int/e-spar/ ).,100
2015,SH_IHR_CAPS,231,IHR_04,PT,2024-04-15T00:00:00,A,0,2017,"From 2010 – 2017, States Parties used the IHR monitoring questionnaire. The report is available in the e-SPAR platform (https://extranet.who.int/e-spar/ ).",IHR State Party Self-assessment annual report received and recorded in the WHO e-SPAR Platform (https://extranet.who.int/e-spar/ ).,100
2016,SH_IHR_CAPS,231,IHR_04,PT,2024-04-15T00:00:00,A,0,2017,"From 2010 – 2017, States Parties used the IHR monitoring questionnaire. The report is available in the e-SPAR platform (https://extranet.who.int/e-spar/ ).",IHR State Party Self-assessment annual report received and recorded in the WHO e-SPAR Platform (https://extranet.who.int/e-spar/ ).,100
2017,SH_IHR_CAPS,231,IHR_04,PT,2024-04-15T00:00:00,A,0,2017,"From 2010 – 2017, States Parties used the IHR monitoring questionnaire. The report is available in the e-SPAR platform (https://extranet.who.int/e-spar/ ).",IHR State Party Self-assessment annual report received and recorded in the WHO e-SPAR Platform (https://extranet.who.int/e-spar/ ).,100
2010,SH_IHR_CAPS,231,IHR_05,PT,2024-04-15T00:00:00,A,0,2017,"From 2010 – 2017, States Parties used the IHR monitoring questionnaire. The report is available in the e-SPAR platform (https://extranet.who.int/e-spar/ ).",IHR State Party Self-assessment annual report received and recorded in the WHO e-SPAR Platform (https://extranet.who.int/e-spar/ ).,32
2011,SH_IHR_CAPS,231,IHR_05,PT,2024-04-15T00:00:00,A,0,2017,"From 2010 – 2017, States Parties used the IHR monitoring questionnaire. The report is available in the e-SPAR platform (https://extranet.who.int/e-spar/ ).",IHR State Party Self-assessment annual report received and recorded in the WHO e-SPAR Platform (https://extranet.who.int/e-spar/ ).,100
2012,SH_IHR_CAPS,231,IHR_05,PT,2024-04-15T00:00:00,A,0,2017,"From 2010 – 2017, States Parties used the IHR monitoring questionnaire. The report is available in the e-SPAR platform (https://extranet.who.int/e-spar/ ).",IHR State Party Self-assessment annual report received and recorded in the WHO e-SPAR Platform (https://extranet.who.int/e-spar/ ).,100
2014,SH_IHR_CAPS,231,IHR_05,PT,2024-04-15T00:00:00,A,0,2017,"From 2010 – 2017, States Parties used the IHR monitoring questionnaire. The report is available in the e-SPAR platform (https://extranet.who.int/e-spar/ ).",IHR State Party Self-assessment annual report received and recorded in the WHO e-SPAR Platform (https://extranet.who.int/e-spar/ ).,80
2015,SH_IHR_CAPS,231,IHR_05,PT,2024-04-15T00:00:00,A,0,2017,"From 2010 – 2017, States Parties used the IHR monitoring questionnaire. The report is available in the e-SPAR platform (https://extranet.who.int/e-spar/ ).",IHR State Party Self-assessment annual report received and recorded in the WHO e-SPAR Platform (https://extranet.who.int/e-spar/ ).,80
2016,SH_IHR_CAPS,231,IHR_05,PT,2024-04-15T00:00:00,A,0,2017,"From 2010 – 2017, States Parties used the IHR monitoring questionnaire. The report is available in the e-SPAR platform (https://extranet.who.int/e-spar/ ).",IHR State Party Self-assessment annual report received and recorded in the WHO e-SPAR Platform (https://extranet.who.int/e-spar/ ).,90
2017,SH_IHR_CAPS,231,IHR_05,PT,2024-04-15T00:00:00,A,0,2017,"From 2010 – 2017, States Parties used the IHR monitoring questionnaire. The report is available in the e-SPAR platform (https://extranet.who.int/e-spar/ ).",IHR State Party Self-assessment annual report received and recorded in the WHO e-SPAR Platform (https://extranet.who.int/e-spar/ ).,90
2010,SH_IHR_CAPS,231,IHR_06,PT,2024-04-15T00:00:00,A,0,2017,"From 2010 – 2017, States Parties used the IHR monitoring questionnaire. The report is available in the e-SPAR platform (https://extranet.who.int/e-spar/ ).",IHR State Party Self-assessment annual report received and recorded in the WHO e-SPAR Platform (https://extranet.who.int/e-spar/ ).,60
2011,SH_IHR_CAPS,231,IHR_06,PT,2024-04-15T00:00:00,A,0,2017,"From 2010 – 2017, States Parties used the IHR monitoring questionnaire. The report is available in the e-SPAR platform (https://extranet.who.int/e-spar/ ).",IHR State Party Self-assessment annual report received and recorded in the WHO e-SPAR Platform (https://extranet.who.int/e-spar/ ).,57
2012,SH_IHR_CAPS,231,IHR_06,PT,2024-04-15T00:00:00,A,0,2017,"From 2010 – 2017, States Parties used the IHR monitoring questionnaire. The report is available in the e-SPAR platform (https://extranet.who.int/e-spar/ ).",IHR State Party Self-assessment annual report received and recorded in the WHO e-SPAR Platform (https://extranet.who.int/e-spar/ ).,86
2014,SH_IHR_CAPS,231,IHR_06,PT,2024-04-15T00:00:00,A,0,2017,"From 2010 – 2017, States Parties used the IHR monitoring questionnaire. The report is available in the e-SPAR platform (https://extranet.who.int/e-spar/ ).",IHR State Party Self-assessment annual report received and recorded in the WHO e-SPAR Platform (https://extranet.who.int/e-spar/ ).,100
2015,SH_IHR_CAPS,231,IHR_06,PT,2024-04-15T00:00:00,A,0,2017,"From 2010 – 2017, States Parties used the IHR monitoring questionnaire. The report is available in the e-SPAR platform (https://extranet.who.int/e-spar/ ).",IHR State Party Self-assessment annual report received and recorded in the WHO e-SPAR Platform (https://extranet.who.int/e-spar/ ).,100
2016,SH_IHR_CAPS,231,IHR_06,PT,2024-04-15T00:00:00,A,0,2017,"From 2010 – 2017, States Parties used the IHR monitoring questionnaire. The report is available in the e-SPAR platform (https://extranet.who.int/e-spar/ ).",IHR State Party Self-assessment annual report received and recorded in the WHO e-SPAR Platform (https://extranet.who.int/e-spar/ ).,100
2017,SH_IHR_CAPS,231,IHR_06,PT,2024-04-15T00:00:00,A,0,2017,"From 2010 – 2017, States Parties used the IHR monitoring questionnaire. The report is available in the e-SPAR platform (https://extranet.who.int/e-spar/ ).",IHR State Party Self-assessment annual report received and recorded in the WHO e-SPAR Platform (https://extranet.who.int/e-spar/ ).,100
2010,SH_IHR_CAPS,231,IHR_07,PT,2024-04-15T00:00:00,A,0,2017,"From 2010 – 2017, States Parties used the IHR monitoring questionnaire. The report is available in the e-SPAR platform (https://extranet.who.int/e-spar/ ).",IHR State Party Self-assessment annual report received and recorded in the WHO e-SPAR Platform (https://extranet.who.int/e-spar/ ).,33
2011,SH_IHR_CAPS,231,IHR_07,PT,2024-04-15T00:00:00,A,0,2017,"From 2010 – 2017, States Parties used the IHR monitoring questionnaire. The report is available in the e-SPAR platform (https://extranet.who.int/e-spar/ ).",IHR State Party Self-assessment annual report received and recorded in the WHO e-SPAR Platform (https://extranet.who.int/e-spar/ ).,100
2012,SH_IHR_CAPS,231,IHR_07,PT,2024-04-15T00:00:00,A,0,2017,"From 2010 – 2017, States Parties used the IHR monitoring questionnaire. The report is available in the e-SPAR platform (https://extranet.who.int/e-spar/ ).",IHR State Party Self-assessment annual report received and recorded in the WHO e-SPAR Platform (https://extranet.who.int/e-spar/ ).,100
2014,SH_IHR_CAPS,231,IHR_07,PT,2024-04-15T00:00:00,A,0,2017,"From 2010 – 2017, States Parties used the IHR monitoring questionnaire. The report is available in the e-SPAR platform (https://extranet.who.int/e-spar/ ).",IHR State Party Self-assessment annual report received and recorded in the WHO e-SPAR Platform (https://extranet.who.int/e-spar/ ).,100
2015,SH_IHR_CAPS,231,IHR_07,PT,2024-04-15T00:00:00,A,0,2017,"From 2010 – 2017, States Parties used the IHR monitoring questionnaire. The report is available in the e-SPAR platform (https://extranet.who.int/e-spar/ ).",IHR State Party Self-assessment annual report received and recorded in the WHO e-SPAR Platform (https://extranet.who.int/e-spar/ ).,100
2016,SH_IHR_CAPS,231,IHR_07,PT,2024-04-15T00:00:00,A,0,2017,"From 2010 – 2017, States Parties used the IHR monitoring questionnaire. The report is available in the e-SPAR platform (https://extranet.who.int/e-spar/ ).",IHR State Party Self-assessment annual report received and recorded in the WHO e-SPAR Platform (https://extranet.who.int/e-spar/ ).,100
2017,SH_IHR_CAPS,231,IHR_07,PT,2024-04-15T00:00:00,A,0,2017,"From 2010 – 2017, States Parties used the IHR monitoring questionnaire. The report is available in the e-SPAR platform (https://extranet.who.int/e-spar/ ).",IHR State Party Self-assessment annual report received and recorded in the WHO e-SPAR Platform (https://extranet.who.int/e-spar/ ).,100
2010,SH_IHR_CAPS,231,IHR_08,PT,2024-04-15T00:00:00,A,0,2017,"From 2010 – 2017, States Parties used the IHR monitoring questionnaire. The report is available in the e-SPAR platform (https://extranet.who.int/e-spar/ ).",IHR State Party Self-assessment annual report received and recorded in the WHO e-SPAR Platform (https://extranet.who.int/e-spar/ ).,83
2011,SH_IHR_CAPS,231,IHR_08,PT,2024-04-15T00:00:00,A,0,2017,"From 2010 – 2017, States Parties used the IHR monitoring questionnaire. The report is available in the e-SPAR platform (https://extranet.who.int/e-spar/ ).",IHR State Party Self-assessment annual report received and recorded in the WHO e-SPAR Platform (https://extranet.who.int/e-spar/ ).,100
2012,SH_IHR_CAPS,231,IHR_08,PT,2024-04-15T00:00:00,A,0,2017,"From 2010 – 2017, States Parties used the IHR monitoring questionnaire. The report is available in the e-SPAR platform (https://extranet.who.int/e-spar/ ).",IHR State Party Self-assessment annual report received and recorded in the WHO e-SPAR Platform (https://extranet.who.int/e-spar/ ).,100
2014,SH_IHR_CAPS,231,IHR_08,PT,2024-04-15T00:00:00,A,0,2017,"From 2010 – 2017, States Parties used the IHR monitoring questionnaire. The report is available in the e-SPAR platform (https://extranet.who.int/e-spar/ ).",IHR State Party Self-assessment annual report received and recorded in the WHO e-SPAR Platform (https://extranet.who.int/e-spar/ ).,100
2015,SH_IHR_CAPS,231,IHR_08,PT,2024-04-15T00:00:00,A,0,2017,"From 2010 – 2017, States Parties used the IHR monitoring questionnaire. The report is available in the e-SPAR platform (https://extranet.who.int/e-spar/ ).",IHR State Party Self-assessment annual report received and recorded in the WHO e-SPAR Platform (https://extranet.who.int/e-spar/ ).,100
2016,SH_IHR_CAPS,231,IHR_08,PT,2024-04-15T00:00:00,A,0,2017,"From 2010 – 2017, States Parties used the IHR monitoring questionnaire. The report is available in the e-SPAR platform (https://extranet.who.int/e-spar/ ).",IHR State Party Self-assessment annual report received and recorded in the WHO e-SPAR Platform (https://extranet.who.int/e-spar/ ).,100
2017,SH_IHR_CAPS,231,IHR_08,PT,2024-04-15T00:00:00,A,0,2017,"From 2010 – 2017, States Parties used the IHR monitoring questionnaire. The report is available in the e-SPAR platform (https://extranet.who.int/e-spar/ ).",IHR State Party Self-assessment annual report received and recorded in the WHO e-SPAR Platform (https://extranet.who.int/e-spar/ ).,100
2010,SH_IHR_CAPS,231,IHR_09,PT,2024-04-15T00:00:00,A,0,2017,"From 2010 – 2017, States Parties used the IHR monitoring questionnaire. The report is available in the e-SPAR platform (https://extranet.who.int/e-spar/ ).",IHR State Party Self-assessment annual report received and recorded in the WHO e-SPAR Platform (https://extranet.who.int/e-spar/ ).,13
2011,SH_IHR_CAPS,231,IHR_09,PT,2024-04-15T00:00:00,A,0,2017,"From 2010 – 2017, States Parties used the IHR monitoring questionnaire. The report is available in the e-SPAR platform (https://extranet.who.int/e-spar/ ).",IHR State Party Self-assessment annual report received and recorded in the WHO e-SPAR Platform (https://extranet.who.int/e-spar/ ).,61
2012,SH_IHR_CAPS,231,IHR_09,PT,2024-04-15T00:00:00,A,0,2017,"From 2010 – 2017, States Parties used the IHR monitoring questionnaire. The report is available in the e-SPAR platform (https://extranet.who.int/e-spar/ ).",IHR State Party Self-assessment annual report received and recorded in the WHO e-SPAR Platform (https://extranet.who.int/e-spar/ ).,36
2014,SH_IHR_CAPS,231,IHR_09,PT,2024-04-15T00:00:00,A,0,2017,"From 2010 – 2017, States Parties used the IHR monitoring questionnaire. The report is available in the e-SPAR platform (https://extranet.who.int/e-spar/ ).",IHR State Party Self-assessment annual report received and recorded in the WHO e-SPAR Platform (https://extranet.who.int/e-spar/ ).,91
2015,SH_IHR_CAPS,231,IHR_09,PT,2024-04-15T00:00:00,A,0,2017,"From 2010 – 2017, States Parties used the IHR monitoring questionnaire. The report is available in the e-SPAR platform (https://extranet.who.int/e-spar/ ).",IHR State Party Self-assessment annual report received and recorded in the WHO e-SPAR Platform (https://extranet.who.int/e-spar/ ).,91
2016,SH_IHR_CAPS,231,IHR_09,PT,2024-04-15T00:00:00,A,0,2017,"From 2010 – 2017, States Parties used the IHR monitoring questionnaire. The report is available in the e-SPAR platform (https://extranet.who.int/e-spar/ ).",IHR State Party Self-assessment annual report received and recorded in the WHO e-SPAR Platform (https://extranet.who.int/e-spar/ ).,91
2017,SH_IHR_CAPS,231,IHR_09,PT,2024-04-15T00:00:00,A,0,2017,"From 2010 – 2017, States Parties used the IHR monitoring questionnaire. The report is available in the e-SPAR platform (https://extranet.who.int/e-spar/ ).",IHR State Party Self-assessment annual report received and recorded in the WHO e-SPAR Platform (https://extranet.who.int/e-spar/ ).,91
2010,SH_IHR_CAPS,231,IHR_10,PT,2024-04-15T00:00:00,A,0,2017,"From 2010 – 2017, States Parties used the IHR monitoring questionnaire. The report is available in the e-SPAR platform (https://extranet.who.int/e-spar/ ).",IHR State Party Self-assessment annual report received and recorded in the WHO e-SPAR Platform (https://extranet.who.int/e-spar/ ).,61
2011,SH_IHR_CAPS,231,IHR_10,PT,2024-04-15T00:00:00,A,0,2017,"From 2010 – 2017, States Parties used the IHR monitoring questionnaire. The report is available in the e-SPAR platform (https://extranet.who.int/e-spar/ ).",IHR State Party Self-assessment annual report received and recorded in the WHO e-SPAR Platform (https://extranet.who.int/e-spar/ ).,100
2012,SH_IHR_CAPS,231,IHR_10,PT,2024-04-15T00:00:00,A,0,2017,"From 2010 – 2017, States Parties used the IHR monitoring questionnaire. The report is available in the e-SPAR platform (https://extranet.who.int/e-spar/ ).",IHR State Party Self-assessment annual report received and recorded in the WHO e-SPAR Platform (https://extranet.who.int/e-spar/ ).,100
2014,SH_IHR_CAPS,231,IHR_10,PT,2024-04-15T00:00:00,A,0,2017,"From 2010 – 2017, States Parties used the IHR monitoring questionnaire. The report is available in the e-SPAR platform (https://extranet.who.int/e-spar/ ).",IHR State Party Self-assessment annual report received and recorded in the WHO e-SPAR Platform (https://extranet.who.int/e-spar/ ).,100
2015,SH_IHR_CAPS,231,IHR_10,PT,2024-04-15T00:00:00,A,0,2017,"From 2010 – 2017, States Parties used the IHR monitoring questionnaire. The report is available in the e-SPAR platform (https://extranet.who.int/e-spar/ ).",IHR State Party Self-assessment annual report received and recorded in the WHO e-SPAR Platform (https://extranet.who.int/e-spar/ ).,100
2016,SH_IHR_CAPS,231,IHR_10,PT,2024-04-15T00:00:00,A,0,2017,"From 2010 – 2017, States Parties used the IHR monitoring questionnaire. The report is available in the e-SPAR platform (https://extranet.who.int/e-spar/ ).",IHR State Party Self-assessment annual report received and recorded in the WHO e-SPAR Platform (https://extranet.who.int/e-spar/ ).,100
2017,SH_IHR_CAPS,231,IHR_10,PT,2024-04-15T00:00:00,A,0,2017,"From 2010 – 2017, States Parties used the IHR monitoring questionnaire. The report is available in the e-SPAR platform (https://extranet.who.int/e-spar/ ).",IHR State Party Self-assessment annual report received and recorded in the WHO e-SPAR Platform (https://extranet.who.int/e-spar/ ).,100
2010,SH_IHR_CAPS,231,IHR_11,PT,2024-04-15T00:00:00,A,0,2017,"From 2010 – 2017, States Parties used the IHR monitoring questionnaire. The report is available in the e-SPAR platform (https://extranet.who.int/e-spar/ ).",IHR State Party Self-assessment annual report received and recorded in the WHO e-SPAR Platform (https://extranet.who.int/e-spar/ ).,26
2011,SH_IHR_CAPS,231,IHR_11,PT,2024-04-15T00:00:00,A,0,2017,"From 2010 – 2017, States Parties used the IHR monitoring questionnaire. The report is available in the e-SPAR platform (https://extranet.who.int/e-spar/ ).",IHR State Party Self-assessment annual report received and recorded in the WHO e-SPAR Platform (https://extranet.who.int/e-spar/ ).,58
2012,SH_IHR_CAPS,231,IHR_11,PT,2024-04-15T00:00:00,A,0,2017,"From 2010 – 2017, States Parties used the IHR monitoring questionnaire. The report is available in the e-SPAR platform (https://extranet.who.int/e-spar/ ).",IHR State Party Self-assessment annual report received and recorded in the WHO e-SPAR Platform (https://extranet.who.int/e-spar/ ).,73
2014,SH_IHR_CAPS,231,IHR_11,PT,2024-04-15T00:00:00,A,0,2017,"From 2010 – 2017, States Parties used the IHR monitoring questionnaire. The report is available in the e-SPAR platform (https://extranet.who.int/e-spar/ ).",IHR State Party Self-assessment annual report received and recorded in the WHO e-SPAR Platform (https://extranet.who.int/e-spar/ ).,0
2015,SH_IHR_CAPS,231,IHR_11,PT,2024-04-15T00:00:00,A,0,2017,"From 2010 – 2017, States Parties used the IHR monitoring questionnaire. The report is available in the e-SPAR platform (https://extranet.who.int/e-spar/ ).",IHR State Party Self-assessment annual report received and recorded in the WHO e-SPAR Platform (https://extranet.who.int/e-spar/ ).,0
2016,SH_IHR_CAPS,231,IHR_11,PT,2024-04-15T00:00:00,A,0,2017,"From 2010 – 2017, States Parties used the IHR monitoring questionnaire. The report is available in the e-SPAR platform (https://extranet.who.int/e-spar/ ).",IHR State Party Self-assessment annual report received and recorded in the WHO e-SPAR Platform (https://extranet.who.int/e-spar/ ).,0
2017,SH_IHR_CAPS,231,IHR_11,PT,2024-04-15T00:00:00,A,0,2017,"From 2010 – 2017, States Parties used the IHR monitoring questionnaire. The report is available in the e-SPAR platform (https://extranet.who.int/e-spar/ ).",IHR State Party Self-assessment annual report received and recorded in the WHO e-SPAR Platform (https://extranet.who.int/e-spar/ ).,0
2010,SH_IHR_CAPS,231,IHR_12,PT,2024-04-15T00:00:00,A,0,2017,"From 2010 – 2017, States Parties used the IHR monitoring questionnaire. The report is available in the e-SPAR platform (https://extranet.who.int/e-spar/ ).",IHR State Party Self-assessment annual report received and recorded in the WHO e-SPAR Platform (https://extranet.who.int/e-spar/ ).,0
2011,SH_IHR_CAPS,231,IHR_12,PT,2024-04-15T00:00:00,A,0,2017,"From 2010 – 2017, States Parties used the IHR monitoring questionnaire. The report is available in the e-SPAR platform (https://extranet.who.int/e-spar/ ).",IHR State Party Self-assessment annual report received and recorded in the WHO e-SPAR Platform (https://extranet.who.int/e-spar/ ).,25
2012,SH_IHR_CAPS,231,IHR_12,PT,2024-04-15T00:00:00,A,0,2017,"From 2010 – 2017, States Parties used the IHR monitoring questionnaire. The report is available in the e-SPAR platform (https://extranet.who.int/e-spar/ ).",IHR State Party Self-assessment annual report received and recorded in the WHO e-SPAR Platform (https://extranet.who.int/e-spar/ ).,69
2014,SH_IHR_CAPS,231,IHR_12,PT,2024-04-15T00:00:00,A,0,2017,"From 2010 – 2017, States Parties used the IHR monitoring questionnaire. The report is available in the e-SPAR platform (https://extranet.who.int/e-spar/ ).",IHR State Party Self-assessment annual report received and recorded in the WHO e-SPAR Platform (https://extranet.who.int/e-spar/ ).,0
2015,SH_IHR_CAPS,231,IHR_12,PT,2024-04-15T00:00:00,A,0,2017,"From 2010 – 2017, States Parties used the IHR monitoring questionnaire. The report is available in the e-SPAR platform (https://extranet.who.int/e-spar/ ).",IHR State Party Self-assessment annual report received and recorded in the WHO e-SPAR Platform (https://extranet.who.int/e-spar/ ).,0
2016,SH_IHR_CAPS,231,IHR_12,PT,2024-04-15T00:00:00,A,0,2017,"From 2010 – 2017, States Parties used the IHR monitoring questionnaire. The report is available in the e-SPAR platform (https://extranet.who.int/e-spar/ ).",IHR State Party Self-assessment annual report received and recorded in the WHO e-SPAR Platform (https://extranet.who.int/e-spar/ ).,0
2017,SH_IHR_CAPS,231,IHR_12,PT,2024-04-15T00:00:00,A,0,2017,"From 2010 – 2017, States Parties used the IHR monitoring questionnaire. The report is available in the e-SPAR platform (https://extranet.who.int/e-spar/ ).",IHR State Party Self-assessment annual report received and recorded in the WHO e-SPAR Platform (https://extranet.who.int/e-spar/ ).,0
2010,SH_IHR_CAPS,231,IHR_13,PT,2024-04-15T00:00:00,A,0,2017,"From 2010 – 2017, States Parties used the IHR monitoring questionnaire. The report is available in the e-SPAR platform (https://extranet.who.int/e-spar/ ).",IHR State Party Self-assessment annual report received and recorded in the WHO e-SPAR Platform (https://extranet.who.int/e-spar/ ).,0
2011,SH_IHR_CAPS,231,IHR_13,PT,2024-04-15T00:00:00,A,0,2017,"From 2010 – 2017, States Parties used the IHR monitoring questionnaire. The report is available in the e-SPAR platform (https://extranet.who.int/e-spar/ ).",IHR State Party Self-assessment annual report received and recorded in the WHO e-SPAR Platform (https://extranet.who.int/e-spar/ ).,8
2012,SH_IHR_CAPS,231,IHR_13,PT,2024-04-15T00:00:00,A,0,2017,"From 2010 – 2017, States Parties used the IHR monitoring questionnaire. The report is available in the e-SPAR platform (https://extranet.who.int/e-spar/ ).",IHR State Party Self-assessment annual report received and recorded in the WHO e-SPAR Platform (https://extranet.who.int/e-spar/ ).,14
2014,SH_IHR_CAPS,231,IHR_13,PT,2024-04-15T00:00:00,A,0,2017,"From 2010 – 2017, States Parties used the IHR monitoring questionnaire. The report is available in the e-SPAR platform (https://extranet.who.int/e-spar/ ).",IHR State Party Self-assessment annual report received and recorded in the WHO e-SPAR Platform (https://extranet.who.int/e-spar/ ).,69
2015,SH_IHR_CAPS,231,IHR_13,PT,2024-04-15T00:00:00,A,0,2017,"From 2010 – 2017, States Parties used the IHR monitoring questionnaire. The report is available in the e-SPAR platform (https://extranet.who.int/e-spar/ ).",IHR State Party Self-assessment annual report received and recorded in the WHO e-SPAR Platform (https://extranet.who.int/e-spar/ ).,69
2016,SH_IHR_CAPS,231,IHR_13,PT,2024-04-15T00:00:00,A,0,2017,"From 2010 – 2017, States Parties used the IHR monitoring questionnaire. The report is available in the e-SPAR platform (https://extranet.who.int/e-spar/ ).",IHR State Party Self-assessment annual report received and recorded in the WHO e-SPAR Platform (https://extranet.who.int/e-spar/ ).,69
2017,SH_IHR_CAPS,231,IHR_13,PT,2024-04-15T00:00:00,A,0,2017,"From 2010 – 2017, States Parties used the IHR monitoring questionnaire. The report is available in the e-SPAR platform (https://extranet.who.int/e-spar/ ).",IHR State Party Self-assessment annual report received and recorded in the WHO e-SPAR Platform (https://extranet.who.int/e-spar/ ).,69
2018,SH_IHR_CAPS,231,SPAR_01,PT,2024-04-15T00:00:00,A,0,2020,"From 2010 – 2017, States Parties used the IHR monitoring questionnaire. The report is available in the e-SPAR platform (https://extranet.who.int/e-spar/ ).",IHR State Party Self-assessment annual report received and recorded in the WHO e-SPAR Platform (https://extranet.who.int/e-spar/ ).,67
2019,SH_IHR_CAPS,231,SPAR_01,PT,2024-04-15T00:00:00,A,0,2020,"From 2010 – 2017, States Parties used the IHR monitoring questionnaire. The report is available in the e-SPAR platform (https://extranet.who.int/e-spar/ ).",IHR State Party Self-assessment annual report received and recorded in the WHO e-SPAR Platform (https://extranet.who.int/e-spar/ ).,87
2020,SH_IHR_CAPS,231,SPAR_01,PT,2024-04-15T00:00:00,A,0,2020,"From 2010 – 2017, States Parties used the IHR monitoring questionnaire. The report is available in the e-SPAR platform (https://extranet.who.int/e-spar/ ).",IHR State Party Self-assessment annual report received and recorded in the WHO e-SPAR Platform (https://extranet.who.int/e-spar/ ).,87
2018,SH_IHR_CAPS,231,SPAR_02,PT,2024-04-15T00:00:00,A,0,2020,"From 2010 – 2017, States Parties used the IHR monitoring questionnaire. The report is available in the e-SPAR platform (https://extranet.who.int/e-spar/ ).",IHR State Party Self-assessment annual report received and recorded in the WHO e-SPAR Platform (https://extranet.who.int/e-spar/ ).,60
2019,SH_IHR_CAPS,231,SPAR_02,PT,2024-04-15T00:00:00,A,0,2020,"From 2010 – 2017, States Parties used the IHR monitoring questionnaire. The report is available in the e-SPAR platform (https://extranet.who.int/e-spar/ ).",IHR State Party Self-assessment annual report received and recorded in the WHO e-SPAR Platform (https://extranet.who.int/e-spar/ ).,80
2020,SH_IHR_CAPS,231,SPAR_02,PT,2024-04-15T00:00:00,A,0,2020,"From 2010 – 2017, States Parties used the IHR monitoring questionnaire. The report is available in the e-SPAR platform (https://extranet.who.int/e-spar/ ).",IHR State Party Self-assessment annual report received and recorded in the WHO e-SPAR Platform (https://extranet.who.int/e-spar/ ).,80
2018,SH_IHR_CAPS,231,SPAR_03,PT,2024-04-15T00:00:00,A,0,2020,"From 2010 – 2017, States Parties used the IHR monitoring questionnaire. The report is available in the e-SPAR platform (https://extranet.who.int/e-spar/ ).",IHR State Party Self-assessment annual report received and recorded in the WHO e-SPAR Platform (https://extranet.who.int/e-spar/ ).,60
2019,SH_IHR_CAPS,231,SPAR_03,PT,2024-04-15T00:00:00,A,0,2020,"From 2010 – 2017, States Parties used the IHR monitoring questionnaire. The report is available in the e-SPAR platform (https://extranet.who.int/e-spar/ ).",IHR State Party Self-assessment annual report received and recorded in the WHO e-SPAR Platform (https://extranet.who.int/e-spar/ ).,40
2020,SH_IHR_CAPS,231,SPAR_03,PT,2024-04-15T00:00:00,A,0,2020,"From 2010 – 2017, States Parties used the IHR monitoring questionnaire. The report is available in the e-SPAR platform (https://extranet.who.int/e-spar/ ).",IHR State Party Self-assessment annual report received and recorded in the WHO e-SPAR Platform (https://extranet.who.int/e-spar/ ).,60
2018,SH_IHR_CAPS,231,SPAR_04,PT,2024-04-15T00:00:00,A,0,2020,"From 2010 – 2017, States Parties used the IHR monitoring questionnaire. The report is available in the e-SPAR platform (https://extranet.who.int/e-spar/ ).",IHR State Party Self-assessment annual report received and recorded in the WHO e-SPAR Platform (https://extranet.who.int/e-spar/ ).,20
2019,SH_IHR_CAPS,231,SPAR_04,PT,2024-04-15T00:00:00,A,0,2020,"From 2010 – 2017, States Parties used the IHR monitoring questionnaire. The report is available in the e-SPAR platform (https://extranet.who.int/e-spar/ ).",IHR State Party Self-assessment annual report received and recorded in the WHO e-SPAR Platform (https://extranet.who.int/e-spar/ ).,40
2020,SH_IHR_CAPS,231,SPAR_04,PT,2024-04-15T00:00:00,A,0,2020,"From 2010 – 2017, States Parties used the IHR monitoring questionnaire. The report is available in the e-SPAR platform (https://extranet.who.int/e-spar/ ).",IHR State Party Self-assessment annual report received and recorded in the WHO e-SPAR Platform (https://extranet.who.int/e-spar/ ).,40
2018,SH_IHR_CAPS,231,SPAR_05,PT,2024-04-15T00:00:00,A,0,2020,"From 2010 – 2017, States Parties used the IHR monitoring questionnaire. The report is available in the e-SPAR platform (https://extranet.who.int/e-spar/ ).",IHR State Party Self-assessment annual report received and recorded in the WHO e-SPAR Platform (https://extranet.who.int/e-spar/ ).,73
2019,SH_IHR_CAPS,231,SPAR_05,PT,2024-04-15T00:00:00,A,0,2020,"From 2010 – 2017, States Parties used the IHR monitoring questionnaire. The report is available in the e-SPAR platform (https://extranet.who.int/e-spar/ ).",IHR State Party Self-assessment annual report received and recorded in the WHO e-SPAR Platform (https://extranet.who.int/e-spar/ ).,80
2020,SH_IHR_CAPS,231,SPAR_05,PT,2024-04-15T00:00:00,A,0,2020,"From 2010 – 2017, States Parties used the IHR monitoring questionnaire. The report is available in the e-SPAR platform (https://extranet.who.int/e-spar/ ).",IHR State Party Self-assessment annual report received and recorded in the WHO e-SPAR Platform (https://extranet.who.int/e-spar/ ).,80
2018,SH_IHR_CAPS,231,SPAR_06,PT,2024-04-15T00:00:00,A,0,2020,"From 2010 – 2017, States Parties used the IHR monitoring questionnaire. The report is available in the e-SPAR platform (https://extranet.who.int/e-spar/ ).",IHR State Party Self-assessment annual report received and recorded in the WHO e-SPAR Platform (https://extranet.who.int/e-spar/ ).,70
2019,SH_IHR_CAPS,231,SPAR_06,PT,2024-04-15T00:00:00,A,0,2020,"From 2010 – 2017, States Parties used the IHR monitoring questionnaire. The report is available in the e-SPAR platform (https://extranet.who.int/e-spar/ ).",IHR State Party Self-assessment annual report received and recorded in the WHO e-SPAR Platform (https://extranet.who.int/e-spar/ ).,70
2020,SH_IHR_CAPS,231,SPAR_06,PT,2024-04-15T00:00:00,A,0,2020,"From 2010 – 2017, States Parties used the IHR monitoring questionnaire. The report is available in the e-SPAR platform (https://extranet.who.int/e-spar/ ).",IHR State Party Self-assessment annual report received and recorded in the WHO e-SPAR Platform (https://extranet.who.int/e-spar/ ).,80
2018,SH_IHR_CAPS,231,SPAR_07,PT,2024-04-15T00:00:00,A,0,2020,"From 2010 – 2017, States Parties used the IHR monitoring questionnaire. The report is available in the e-SPAR platform (https://extranet.who.int/e-spar/ ).",IHR State Party Self-assessment annual report received and recorded in the WHO e-SPAR Platform (https://extranet.who.int/e-spar/ ).,80
2019,SH_IHR_CAPS,231,SPAR_07,PT,2024-04-15T00:00:00,A,0,2020,"From 2010 – 2017, States Parties used the IHR monitoring questionnaire. The report is available in the e-SPAR platform (https://extranet.who.int/e-spar/ ).",IHR State Party Self-assessment annual report received and recorded in the WHO e-SPAR Platform (https://extranet.who.int/e-spar/ ).,80
2020,SH_IHR_CAPS,231,SPAR_07,PT,2024-04-15T00:00:00,A,0,2020,"From 2010 – 2017, States Parties used the IHR monitoring questionnaire. The report is available in the e-SPAR platform (https://extranet.who.int/e-spar/ ).",IHR State Party Self-assessment annual report received and recorded in the WHO e-SPAR Platform (https://extranet.who.int/e-spar/ ).,80
2018,SH_IHR_CAPS,231,SPAR_08,PT,2024-04-15T00:00:00,A,0,2020,"From 2010 – 2017, States Parties used the IHR monitoring questionnaire. The report is available in the e-SPAR platform (https://extranet.who.int/e-spar/ ).",IHR State Party Self-assessment annual report received and recorded in the WHO e-SPAR Platform (https://extranet.who.int/e-spar/ ).,73
2019,SH_IHR_CAPS,231,SPAR_08,PT,2024-04-15T00:00:00,A,0,2020,"From 2010 – 2017, States Parties used the IHR monitoring questionnaire. The report is available in the e-SPAR platform (https://extranet.who.int/e-spar/ ).",IHR State Party Self-assessment annual report received and recorded in the WHO e-SPAR Platform (https://extranet.who.int/e-spar/ ).,73
2020,SH_IHR_CAPS,231,SPAR_08,PT,2024-04-15T00:00:00,A,0,2020,"From 2010 – 2017, States Parties used the IHR monitoring questionnaire. The report is available in the e-SPAR platform (https://extranet.who.int/e-spar/ ).",IHR State Party Self-assessment annual report received and recorded in the WHO e-SPAR Platform (https://extranet.who.int/e-spar/ ).,87
2018,SH_IHR_CAPS,231,SPAR_09,PT,2024-04-15T00:00:00,A,0,2020,"From 2010 – 2017, States Parties used the IHR monitoring questionnaire. The report is available in the e-SPAR platform (https://extranet.who.int/e-spar/ ).",IHR State Party Self-assessment annual report received and recorded in the WHO e-SPAR Platform (https://extranet.who.int/e-spar/ ).,67
2019,SH_IHR_CAPS,231,SPAR_09,PT,2024-04-15T00:00:00,A,0,2020,"From 2010 – 2017, States Parties used the IHR monitoring questionnaire. The report is available in the e-SPAR platform (https://extranet.who.int/e-spar/ ).",IHR State Party Self-assessment annual report received and recorded in the WHO e-SPAR Platform (https://extranet.who.int/e-spar/ ).,73
2020,SH_IHR_CAPS,231,SPAR_09,PT,2024-04-15T00:00:00,A,0,2020,"From 2010 – 2017, States Parties used the IHR monitoring questionnaire. The report is available in the e-SPAR platform (https://extranet.who.int/e-spar/ ).",IHR State Party Self-assessment annual report received and recorded in the WHO e-SPAR Platform (https://extranet.who.int/e-spar/ ).,67
2018,SH_IHR_CAPS,231,SPAR_10,PT,2024-04-15T00:00:00,A,0,2020,"From 2010 – 2017, States Parties used the IHR monitoring questionnaire. The report is available in the e-SPAR platform (https://extranet.who.int/e-spar/ ).",IHR State Party Self-assessment annual report received and recorded in the WHO e-SPAR Platform (https://extranet.who.int/e-spar/ ).,80
2019,SH_IHR_CAPS,231,SPAR_10,PT,2024-04-15T00:00:00,A,0,2020,"From 2010 – 2017, States Parties used the IHR monitoring questionnaire. The report is available in the e-SPAR platform (https://extranet.who.int/e-spar/ ).",IHR State Party Self-assessment annual report received and recorded in the WHO e-SPAR Platform (https://extranet.who.int/e-spar/ ).,80
2020,SH_IHR_CAPS,231,SPAR_10,PT,2024-04-15T00:00:00,A,0,2020,"From 2010 – 2017, States Parties used the IHR monitoring questionnaire. The report is available in the e-SPAR platform (https://extranet.who.int/e-spar/ ).",IHR State Party Self-assessment annual report received and recorded in the WHO e-SPAR Platform (https://extranet.who.int/e-spar/ ).,80
2018,SH_IHR_CAPS,231,SPAR_11,PT,2024-04-15T00:00:00,A,0,2020,"From 2010 – 2017, States Parties used the IHR monitoring questionnaire. The report is available in the e-SPAR platform (https://extranet.who.int/e-spar/ ).",IHR State Party Self-assessment annual report received and recorded in the WHO e-SPAR Platform (https://extranet.who.int/e-spar/ ).,40
2019,SH_IHR_CAPS,231,SPAR_11,PT,2024-04-15T00:00:00,A,0,2020,"From 2010 – 2017, States Parties used the IHR monitoring questionnaire. The report is available in the e-SPAR platform (https://extranet.who.int/e-spar/ ).",IHR State Party Self-assessment annual report received and recorded in the WHO e-SPAR Platform (https://extranet.who.int/e-spar/ ).,40
2020,SH_IHR_CAPS,231,SPAR_11,PT,2024-04-15T00:00:00,A,0,2020,"From 2010 – 2017, States Parties used the IHR monitoring questionnaire. The report is available in the e-SPAR platform (https://extranet.who.int/e-spar/ ).",IHR State Party Self-assessment annual report received and recorded in the WHO e-SPAR Platform (https://extranet.who.int/e-spar/ ).,50
2018,SH_IHR_CAPS,231,SPAR_12,PT,2024-04-15T00:00:00,A,0,2020,"From 2010 – 2017, States Parties used the IHR monitoring questionnaire. The report is available in the e-SPAR platform (https://extranet.who.int/e-spar/ ).",IHR State Party Self-assessment annual report received and recorded in the WHO e-SPAR Platform (https://extranet.who.int/e-spar/ ).,20
2019,SH_IHR_CAPS,231,SPAR_12,PT,2024-04-15T00:00:00,A,0,2020,"From 2010 – 2017, States Parties used the IHR monitoring questionnaire. The report is available in the e-SPAR platform (https://extranet.who.int/e-spar/ ).",IHR State Party Self-assessment annual report received and recorded in the WHO e-SPAR Platform (https://extranet.who.int/e-spar/ ).,40
2020,SH_IHR_CAPS,231,SPAR_12,PT,2024-04-15T00:00:00,A,0,2020,"From 2010 – 2017, States Parties used the IHR monitoring questionnaire. The report is available in the e-SPAR platform (https://extranet.who.int/e-spar/ ).",IHR State Party Self-assessment annual report received and recorded in the WHO e-SPAR Platform (https://extranet.who.int/e-spar/ ).,40
2018,SH_IHR_CAPS,231,SPAR_13,PT,2024-04-15T00:00:00,A,0,2020,"From 2010 – 2017, States Parties used the IHR monitoring questionnaire. The report is available in the e-SPAR platform (https://extranet.who.int/e-spar/ ).",IHR State Party Self-assessment annual report received and recorded in the WHO e-SPAR Platform (https://extranet.who.int/e-spar/ ).,40
2019,SH_IHR_CAPS,231,SPAR_13,PT,2024-04-15T00:00:00,A,0,2020,"From 2010 – 2017, States Parties used the IHR monitoring questionnaire. The report is available in the e-SPAR platform (https://extranet.who.int/e-spar/ ).",IHR State Party Self-assessment annual report received and recorded in the WHO e-SPAR Platform (https://extranet.who.int/e-spar/ ).,40
2020,SH_IHR_CAPS,231,SPAR_13,PT,2024-04-15T00:00:00,A,0,2020,"From 2010 – 2017, States Parties used the IHR monitoring questionnaire. The report is available in the e-SPAR platform (https://extranet.who.int/e-spar/ ).",IHR State Party Self-assessment annual report received and recorded in the WHO e-SPAR Platform (https://extranet.who.int/e-spar/ ).,40
2021,SH_IHR_CAPS,231,SPAR2_C01,PT,2024-04-15T00:00:00,A,0,2023,"In 2021, the SPAR tool was revised and further improved, taking account of the initial experience of countries with the COVID-19 pandemic. The second edition of SPAR (2021) contains 15 capacities and 35 indicators compared to 13 capacities and 24 indicators in the first edition.",IHR State Party Self-assessment annual report received and recorded in the WHO e-SPAR Platform (https://extranet.who.int/e-spar/ ).,80
2022,SH_IHR_CAPS,231,SPAR2_C01,PT,2024-04-15T00:00:00,A,0,2023,"In 2021, the SPAR tool was revised and further improved, taking account of the initial experience of countries with the COVID-19 pandemic. The second edition of SPAR (2021) contains 15 capacities and 35 indicators compared to 13 capacities and 24 indicators in the first edition.",IHR State Party Self-assessment annual report received and recorded in the WHO e-SPAR Platform (https://extranet.who.int/e-spar/ ).,80
2023,SH_IHR_CAPS,231,SPAR2_C01,PT,2024-04-15T00:00:00,A,0,2023,"In 2021, the SPAR tool was revised and further improved, taking account of the initial experience of countries with the COVID-19 pandemic. The second edition of SPAR (2021) contains 15 capacities and 35 indicators compared to 13 capacities and 24 indicators in the first edition.",IHR State Party Self-assessment annual report received and recorded in the WHO e-SPAR Platform (https://extranet.who.int/e-spar/ ).,80
2021,SH_IHR_CAPS,231,SPAR2_C02,PT,2024-04-15T00:00:00,A,0,2023,"In 2021, the SPAR tool was revised and further improved, taking account of the initial experience of countries with the COVID-19 pandemic. The second edition of SPAR (2021) contains 15 capacities and 35 indicators compared to 13 capacities and 24 indicators in the first edition.",IHR State Party Self-assessment annual report received and recorded in the WHO e-SPAR Platform (https://extranet.who.int/e-spar/ ).,73
2022,SH_IHR_CAPS,231,SPAR2_C02,PT,2024-04-15T00:00:00,A,0,2023,"In 2021, the SPAR tool was revised and further improved, taking account of the initial experience of countries with the COVID-19 pandemic. The second edition of SPAR (2021) contains 15 capacities and 35 indicators compared to 13 capacities and 24 indicators in the first edition.",IHR State Party Self-assessment annual report received and recorded in the WHO e-SPAR Platform (https://extranet.who.int/e-spar/ ).,73
2023,SH_IHR_CAPS,231,SPAR2_C02,PT,2024-04-15T00:00:00,A,0,2023,"In 2021, the SPAR tool was revised and further improved, taking account of the initial experience of countries with the COVID-19 pandemic. The second edition of SPAR (2021) contains 15 capacities and 35 indicators compared to 13 capacities and 24 indicators in the first edition.",IHR State Party Self-assessment annual report received and recorded in the WHO e-SPAR Platform (https://extranet.who.int/e-spar/ ).,80
2021,SH_IHR_CAPS,231,SPAR2_C03,PT,2024-04-15T00:00:00,A,0,2023,"In 2021, the SPAR tool was revised and further improved, taking account of the initial experience of countries with the COVID-19 pandemic. The second edition of SPAR (2021) contains 15 capacities and 35 indicators compared to 13 capacities and 24 indicators in the first edition.",IHR State Party Self-assessment annual report received and recorded in the WHO e-SPAR Platform (https://extranet.who.int/e-spar/ ).,80
2022,SH_IHR_CAPS,231,SPAR2_C03,PT,2024-04-15T00:00:00,A,0,2023,"In 2021, the SPAR tool was revised and further improved, taking account of the initial experience of countries with the COVID-19 pandemic. The second edition of SPAR (2021) contains 15 capacities and 35 indicators compared to 13 capacities and 24 indicators in the first edition.",IHR State Party Self-assessment annual report received and recorded in the WHO e-SPAR Platform (https://extranet.who.int/e-spar/ ).,80
2023,SH_IHR_CAPS,231,SPAR2_C03,PT,2024-04-15T00:00:00,A,0,2023,"In 2021, the SPAR tool was revised and further improved, taking account of the initial experience of countries with the COVID-19 pandemic. The second edition of SPAR (2021) contains 15 capacities and 35 indicators compared to 13 capacities and 24 indicators in the first edition.",IHR State Party Self-assessment annual report received and recorded in the WHO e-SPAR Platform (https://extranet.who.int/e-spar/ ).,70
2021,SH_IHR_CAPS,231,SPAR2_C04,PT,2024-04-15T00:00:00,A,0,2023,"In 2021, the SPAR tool was revised and further improved, taking account of the initial experience of countries with the COVID-19 pandemic. The second edition of SPAR (2021) contains 15 capacities and 35 indicators compared to 13 capacities and 24 indicators in the first edition.",IHR State Party Self-assessment annual report received and recorded in the WHO e-SPAR Platform (https://extranet.who.int/e-spar/ ).,80
2022,SH_IHR_CAPS,231,SPAR2_C04,PT,2024-04-15T00:00:00,A,0,2023,"In 2021, the SPAR tool was revised and further improved, taking account of the initial experience of countries with the COVID-19 pandemic. The second edition of SPAR (2021) contains 15 capacities and 35 indicators compared to 13 capacities and 24 indicators in the first edition.",IHR State Party Self-assessment annual report received and recorded in the WHO e-SPAR Platform (https://extranet.who.int/e-spar/ ).,84
2023,SH_IHR_CAPS,231,SPAR2_C04,PT,2024-04-15T00:00:00,A,0,2023,"In 2021, the SPAR tool was revised and further improved, taking account of the initial experience of countries with the COVID-19 pandemic. The second edition of SPAR (2021) contains 15 capacities and 35 indicators compared to 13 capacities and 24 indicators in the first edition.",IHR State Party Self-assessment annual report received and recorded in the WHO e-SPAR Platform (https://extranet.who.int/e-spar/ ).,80
2021,SH_IHR_CAPS,231,SPAR2_C05,PT,2024-04-15T00:00:00,A,0,2023,"In 2021, the SPAR tool was revised and further improved, taking account of the initial experience of countries with the COVID-19 pandemic. The second edition of SPAR (2021) contains 15 capacities and 35 indicators compared to 13 capacities and 24 indicators in the first edition.",IHR State Party Self-assessment annual report received and recorded in the WHO e-SPAR Platform (https://extranet.who.int/e-spar/ ).,80
2022,SH_IHR_CAPS,231,SPAR2_C05,PT,2024-04-15T00:00:00,A,0,2023,"In 2021, the SPAR tool was revised and further improved, taking account of the initial experience of countries with the COVID-19 pandemic. The second edition of SPAR (2021) contains 15 capacities and 35 indicators compared to 13 capacities and 24 indicators in the first edition.",IHR State Party Self-assessment annual report received and recorded in the WHO e-SPAR Platform (https://extranet.who.int/e-spar/ ).,80
2023,SH_IHR_CAPS,231,SPAR2_C05,PT,2024-04-15T00:00:00,A,0,2023,"In 2021, the SPAR tool was revised and further improved, taking account of the initial experience of countries with the COVID-19 pandemic. The second edition of SPAR (2021) contains 15 capacities and 35 indicators compared to 13 capacities and 24 indicators in the first edition.",IHR State Party Self-assessment annual report received and recorded in the WHO e-SPAR Platform (https://extranet.who.int/e-spar/ ).,80
2021,SH_IHR_CAPS,231,SPAR2_C06,PT,2024-04-15T00:00:00,A,0,2023,"In 2021, the SPAR tool was revised and further improved, taking account of the initial experience of countries with the COVID-19 pandemic. The second edition of SPAR (2021) contains 15 capacities and 35 indicators compared to 13 capacities and 24 indicators in the first edition.",IHR State Party Self-assessment annual report received and recorded in the WHO e-SPAR Platform (https://extranet.who.int/e-spar/ ).,70
2022,SH_IHR_CAPS,231,SPAR2_C06,PT,2024-04-15T00:00:00,A,0,2023,"In 2021, the SPAR tool was revised and further improved, taking account of the initial experience of countries with the COVID-19 pandemic. The second edition of SPAR (2021) contains 15 capacities and 35 indicators compared to 13 capacities and 24 indicators in the first edition.",IHR State Party Self-assessment annual report received and recorded in the WHO e-SPAR Platform (https://extranet.who.int/e-spar/ ).,70
2023,SH_IHR_CAPS,231,SPAR2_C06,PT,2024-04-15T00:00:00,A,0,2023,"In 2021, the SPAR tool was revised and further improved, taking account of the initial experience of countries with the COVID-19 pandemic. The second edition of SPAR (2021) contains 15 capacities and 35 indicators compared to 13 capacities and 24 indicators in the first edition.",IHR State Party Self-assessment annual report received and recorded in the WHO e-SPAR Platform (https://extranet.who.int/e-spar/ ).,70
2021,SH_IHR_CAPS,231,SPAR2_C07,PT,2024-04-15T00:00:00,A,0,2023,"In 2021, the SPAR tool was revised and further improved, taking account of the initial experience of countries with the COVID-19 pandemic. The second edition of SPAR (2021) contains 15 capacities and 35 indicators compared to 13 capacities and 24 indicators in the first edition.",IHR State Party Self-assessment annual report received and recorded in the WHO e-SPAR Platform (https://extranet.who.int/e-spar/ ).,87
2022,SH_IHR_CAPS,231,SPAR2_C07,PT,2024-04-15T00:00:00,A,0,2023,"In 2021, the SPAR tool was revised and further improved, taking account of the initial experience of countries with the COVID-19 pandemic. The second edition of SPAR (2021) contains 15 capacities and 35 indicators compared to 13 capacities and 24 indicators in the first edition.",IHR State Party Self-assessment annual report received and recorded in the WHO e-SPAR Platform (https://extranet.who.int/e-spar/ ).,87
2023,SH_IHR_CAPS,231,SPAR2_C07,PT,2024-04-15T00:00:00,A,0,2023,"In 2021, the SPAR tool was revised and further improved, taking account of the initial experience of countries with the COVID-19 pandemic. The second edition of SPAR (2021) contains 15 capacities and 35 indicators compared to 13 capacities and 24 indicators in the first edition.",IHR State Party Self-assessment annual report received and recorded in the WHO e-SPAR Platform (https://extranet.who.int/e-spar/ ).,73
2021,SH_IHR_CAPS,231,SPAR2_C08,PT,2024-04-15T00:00:00,A,0,2023,"In 2021, the SPAR tool was revised and further improved, taking account of the initial experience of countries with the COVID-19 pandemic. The second edition of SPAR (2021) contains 15 capacities and 35 indicators compared to 13 capacities and 24 indicators in the first edition.",IHR State Party Self-assessment annual report received and recorded in the WHO e-SPAR Platform (https://extranet.who.int/e-spar/ ).,67
2022,SH_IHR_CAPS,231,SPAR2_C08,PT,2024-04-15T00:00:00,A,0,2023,"In 2021, the SPAR tool was revised and further improved, taking account of the initial experience of countries with the COVID-19 pandemic. The second edition of SPAR (2021) contains 15 capacities and 35 indicators compared to 13 capacities and 24 indicators in the first edition.",IHR State Party Self-assessment annual report received and recorded in the WHO e-SPAR Platform (https://extranet.who.int/e-spar/ ).,67
2023,SH_IHR_CAPS,231,SPAR2_C08,PT,2024-04-15T00:00:00,A,0,2023,"In 2021, the SPAR tool was revised and further improved, taking account of the initial experience of countries with the COVID-19 pandemic. The second edition of SPAR (2021) contains 15 capacities and 35 indicators compared to 13 capacities and 24 indicators in the first edition.",IHR State Party Self-assessment annual report received and recorded in the WHO e-SPAR Platform (https://extranet.who.int/e-spar/ ).,67
2021,SH_IHR_CAPS,231,SPAR2_C09,PT,2024-04-15T00:00:00,A,0,2023,"In 2021, the SPAR tool was revised and further improved, taking account of the initial experience of countries with the COVID-19 pandemic. The second edition of SPAR (2021) contains 15 capacities and 35 indicators compared to 13 capacities and 24 indicators in the first edition.",IHR State Party Self-assessment annual report received and recorded in the WHO e-SPAR Platform (https://extranet.who.int/e-spar/ ).,73
2022,SH_IHR_CAPS,231,SPAR2_C09,PT,2024-04-15T00:00:00,A,0,2023,"In 2021, the SPAR tool was revised and further improved, taking account of the initial experience of countries with the COVID-19 pandemic. The second edition of SPAR (2021) contains 15 capacities and 35 indicators compared to 13 capacities and 24 indicators in the first edition.",IHR State Party Self-assessment annual report received and recorded in the WHO e-SPAR Platform (https://extranet.who.int/e-spar/ ).,67
2023,SH_IHR_CAPS,231,SPAR2_C09,PT,2024-04-15T00:00:00,A,0,2023,"In 2021, the SPAR tool was revised and further improved, taking account of the initial experience of countries with the COVID-19 pandemic. The second edition of SPAR (2021) contains 15 capacities and 35 indicators compared to 13 capacities and 24 indicators in the first edition.",IHR State Party Self-assessment annual report received and recorded in the WHO e-SPAR Platform (https://extranet.who.int/e-spar/ ).,60
2021,SH_IHR_CAPS,231,SPAR2_C10,PT,2024-04-15T00:00:00,A,0,2023,"In 2021, the SPAR tool was revised and further improved, taking account of the initial experience of countries with the COVID-19 pandemic. The second edition of SPAR (2021) contains 15 capacities and 35 indicators compared to 13 capacities and 24 indicators in the first edition.",IHR State Party Self-assessment annual report received and recorded in the WHO e-SPAR Platform (https://extranet.who.int/e-spar/ ).,80
2022,SH_IHR_CAPS,231,SPAR2_C10,PT,2024-04-15T00:00:00,A,0,2023,"In 2021, the SPAR tool was revised and further improved, taking account of the initial experience of countries with the COVID-19 pandemic. The second edition of SPAR (2021) contains 15 capacities and 35 indicators compared to 13 capacities and 24 indicators in the first edition.",IHR State Party Self-assessment annual report received and recorded in the WHO e-SPAR Platform (https://extranet.who.int/e-spar/ ).,80
2023,SH_IHR_CAPS,231,SPAR2_C10,PT,2024-04-15T00:00:00,A,0,2023,"In 2021, the SPAR tool was revised and further improved, taking account of the initial experience of countries with the COVID-19 pandemic. The second edition of SPAR (2021) contains 15 capacities and 35 indicators compared to 13 capacities and 24 indicators in the first edition.",IHR State Party Self-assessment annual report received and recorded in the WHO e-SPAR Platform (https://extranet.who.int/e-spar/ ).,80
2021,SH_IHR_CAPS,231,SPAR2_C11,PT,2024-04-15T00:00:00,A,0,2023,"In 2021, the SPAR tool was revised and further improved, taking account of the initial experience of countries with the COVID-19 pandemic. The second edition of SPAR (2021) contains 15 capacities and 35 indicators compared to 13 capacities and 24 indicators in the first edition.",IHR State Party Self-assessment annual report received and recorded in the WHO e-SPAR Platform (https://extranet.who.int/e-spar/ ).,67
2022,SH_IHR_CAPS,231,SPAR2_C11,PT,2024-04-15T00:00:00,A,0,2023,"In 2021, the SPAR tool was revised and further improved, taking account of the initial experience of countries with the COVID-19 pandemic. The second edition of SPAR (2021) contains 15 capacities and 35 indicators compared to 13 capacities and 24 indicators in the first edition.",IHR State Party Self-assessment annual report received and recorded in the WHO e-SPAR Platform (https://extranet.who.int/e-spar/ ).,67
2023,SH_IHR_CAPS,231,SPAR2_C11,PT,2024-04-15T00:00:00,A,0,2023,"In 2021, the SPAR tool was revised and further improved, taking account of the initial experience of countries with the COVID-19 pandemic. The second edition of SPAR (2021) contains 15 capacities and 35 indicators compared to 13 capacities and 24 indicators in the first edition.",IHR State Party Self-assessment annual report received and recorded in the WHO e-SPAR Platform (https://extranet.who.int/e-spar/ ).,67
2021,SH_IHR_CAPS,231,SPAR2_C12,PT,2024-04-15T00:00:00,A,0,2023,"In 2021, the SPAR tool was revised and further improved, taking account of the initial experience of countries with the COVID-19 pandemic. The second edition of SPAR (2021) contains 15 capacities and 35 indicators compared to 13 capacities and 24 indicators in the first edition.",IHR State Party Self-assessment annual report received and recorded in the WHO e-SPAR Platform (https://extranet.who.int/e-spar/ ).,100
2022,SH_IHR_CAPS,231,SPAR2_C12,PT,2024-04-15T00:00:00,A,0,2023,"In 2021, the SPAR tool was revised and further improved, taking account of the initial experience of countries with the COVID-19 pandemic. The second edition of SPAR (2021) contains 15 capacities and 35 indicators compared to 13 capacities and 24 indicators in the first edition.",IHR State Party Self-assessment annual report received and recorded in the WHO e-SPAR Platform (https://extranet.who.int/e-spar/ ).,80
2023,SH_IHR_CAPS,231,SPAR2_C12,PT,2024-04-15T00:00:00,A,0,2023,"In 2021, the SPAR tool was revised and further improved, taking account of the initial experience of countries with the COVID-19 pandemic. The second edition of SPAR (2021) contains 15 capacities and 35 indicators compared to 13 capacities and 24 indicators in the first edition.",IHR State Party Self-assessment annual report received and recorded in the WHO e-SPAR Platform (https://extranet.who.int/e-spar/ ).,80
2021,SH_IHR_CAPS,231,SPAR2_C13,PT,2024-04-15T00:00:00,A,0,2023,"In 2021, the SPAR tool was revised and further improved, taking account of the initial experience of countries with the COVID-19 pandemic. The second edition of SPAR (2021) contains 15 capacities and 35 indicators compared to 13 capacities and 24 indicators in the first edition.",IHR State Party Self-assessment annual report received and recorded in the WHO e-SPAR Platform (https://extranet.who.int/e-spar/ ).,40
2022,SH_IHR_CAPS,231,SPAR2_C13,PT,2024-04-15T00:00:00,A,0,2023,"In 2021, the SPAR tool was revised and further improved, taking account of the initial experience of countries with the COVID-19 pandemic. The second edition of SPAR (2021) contains 15 capacities and 35 indicators compared to 13 capacities and 24 indicators in the first edition.",IHR State Party Self-assessment annual report received and recorded in the WHO e-SPAR Platform (https://extranet.who.int/e-spar/ ).,60
2023,SH_IHR_CAPS,231,SPAR2_C13,PT,2024-04-15T00:00:00,A,0,2023,"In 2021, the SPAR tool was revised and further improved, taking account of the initial experience of countries with the COVID-19 pandemic. The second edition of SPAR (2021) contains 15 capacities and 35 indicators compared to 13 capacities and 24 indicators in the first edition.",IHR State Party Self-assessment annual report received and recorded in the WHO e-SPAR Platform (https://extranet.who.int/e-spar/ ).,40
2021,SH_IHR_CAPS,231,SPAR2_C14,PT,2024-04-15T00:00:00,A,0,2023,"In 2021, the SPAR tool was revised and further improved, taking account of the initial experience of countries with the COVID-19 pandemic. The second edition of SPAR (2021) contains 15 capacities and 35 indicators compared to 13 capacities and 24 indicators in the first edition.",IHR State Party Self-assessment annual report received and recorded in the WHO e-SPAR Platform (https://extranet.who.int/e-spar/ ).,60
2022,SH_IHR_CAPS,231,SPAR2_C14,PT,2024-04-15T00:00:00,A,0,2023,"In 2021, the SPAR tool was revised and further improved, taking account of the initial experience of countries with the COVID-19 pandemic. The second edition of SPAR (2021) contains 15 capacities and 35 indicators compared to 13 capacities and 24 indicators in the first edition.",IHR State Party Self-assessment annual report received and recorded in the WHO e-SPAR Platform (https://extranet.who.int/e-spar/ ).,80
2023,SH_IHR_CAPS,231,SPAR2_C14,PT,2024-04-15T00:00:00,A,0,2023,"In 2021, the SPAR tool was revised and further improved, taking account of the initial experience of countries with the COVID-19 pandemic. The second edition of SPAR (2021) contains 15 capacities and 35 indicators compared to 13 capacities and 24 indicators in the first edition.",IHR State Party Self-assessment annual report received and recorded in the WHO e-SPAR Platform (https://extranet.who.int/e-spar/ ).,60
2021,SH_IHR_CAPS,231,SPAR2_C15,PT,2024-04-15T00:00:00,A,0,2023,"In 2021, the SPAR tool was revised and further improved, taking account of the initial experience of countries with the COVID-19 pandemic. The second edition of SPAR (2021) contains 15 capacities and 35 indicators compared to 13 capacities and 24 indicators in the first edition.",IHR State Party Self-assessment annual report received and recorded in the WHO e-SPAR Platform (https://extranet.who.int/e-spar/ ).,40
2022,SH_IHR_CAPS,231,SPAR2_C15,PT,2024-04-15T00:00:00,A,0,2023,"In 2021, the SPAR tool was revised and further improved, taking account of the initial experience of countries with the COVID-19 pandemic. The second edition of SPAR (2021) contains 15 capacities and 35 indicators compared to 13 capacities and 24 indicators in the first edition.",IHR State Party Self-assessment annual report received and recorded in the WHO e-SPAR Platform (https://extranet.who.int/e-spar/ ).,60
2023,SH_IHR_CAPS,231,SPAR2_C15,PT,2024-04-15T00:00:00,A,0,2023,"In 2021, the SPAR tool was revised and further improved, taking account of the initial experience of countries with the COVID-19 pandemic. The second edition of SPAR (2021) contains 15 capacities and 35 indicators compared to 13 capacities and 24 indicators in the first edition.",IHR State Party Self-assessment annual report received and recorded in the WHO e-SPAR Platform (https://extranet.who.int/e-spar/ ).,60
