Year,OBS_STATUS,UNIT_MULT,SOURCE_DETAIL,SERIES,REF_AREA,SEX,EDUCATION_LEV,UNIT_MEASURE,DATA_LAST_UPDATE,TIME_DETAIL,Value
2021,A,0,SOURCE: UIS Education Survey Data extracted on 25 February 2025.,SE_TRA_GRDL,12,None,ISCED11_02,PT,2025-03-05T00:00:00,2024,97.94796
2022,A,0,SOURCE: UIS Education Survey Data extracted on 25 February 2025.,SE_TRA_GRDL,12,None,ISCED11_02,PT,2025-03-05T00:00:00,2024,95.27921
2023,A,0,SOURCE: UIS Education Survey Data extracted on 25 February 2025.,SE_TRA_GRDL,12,None,ISCED11_02,PT,2025-03-05T00:00:00,2024,100.0
2024,A,0,SOURCE: UIS Education Survey Data extracted on 25 February 2025.,SE_TRA_GRDL,12,None,ISCED11_02,PT,2025-03-05T00:00:00,2024,99.56543
2000,A,0,SOURCE: UIS Education Survey Data extracted on 25 February 2025.,SE_TRA_GRDL,12,None,ISCED11_1,PT,2025-03-05T00:00:00,2023,94.63773
2001,A,0,SOURCE: UIS Education Survey Data extracted on 25 February 2025.,SE_TRA_GRDL,12,None,ISCED11_1,PT,2025-03-05T00:00:00,2023,95.67702
2002,A,0,SOURCE: UIS Education Survey Data extracted on 25 February 2025.,SE_TRA_GRDL,12,None,ISCED11_1,PT,2025-03-05T00:00:00,2023,97.12654
2003,A,0,SOURCE: UIS Education Survey Data extracted on 25 February 2025.,SE_TRA_GRDL,12,None,ISCED11_1,PT,2025-03-05T00:00:00,2023,97.91976
2004,A,0,SOURCE: UIS Education Survey Data extracted on 25 February 2025.,SE_TRA_GRDL,12,None,ISCED11_1,PT,2025-03-05T00:00:00,2023,98.3456
2005,A,0,SOURCE: UIS Education Survey Data extracted on 25 February 2025.,SE_TRA_GRDL,12,None,ISCED11_1,PT,2025-03-05T00:00:00,2023,98.52628
2006,A,0,SOURCE: UIS Education Survey Data extracted on 25 February 2025.,SE_TRA_GRDL,12,None,ISCED11_1,PT,2025-03-05T00:00:00,2023,99.26722
2007,A,0,SOURCE: UIS Education Survey Data extracted on 25 February 2025.,SE_TRA_GRDL,12,None,ISCED11_1,PT,2025-03-05T00:00:00,2023,98.85815
2014,A,0,SOURCE: UIS Education Survey Data extracted on 25 February 2025.,SE_TRA_GRDL,12,None,ISCED11_1,PT,2025-03-05T00:00:00,2023,100.0
2015,A,0,SOURCE: UIS Education Survey Data extracted on 25 February 2025.,SE_TRA_GRDL,12,None,ISCED11_1,PT,2025-03-05T00:00:00,2023,100.0
2021,A,0,SOURCE: UIS Education Survey Data extracted on 25 February 2025.,SE_TRA_GRDL,12,None,ISCED11_1,PT,2025-03-05T00:00:00,2023,98.14943
2022,A,0,SOURCE: UIS Education Survey Data extracted on 25 February 2025.,SE_TRA_GRDL,12,None,ISCED11_1,PT,2025-03-05T00:00:00,2023,95.55455
2023,A,0,SOURCE: UIS Education Survey Data extracted on 25 February 2025.,SE_TRA_GRDL,12,None,ISCED11_1,PT,2025-03-05T00:00:00,2023,91.53029
2021,A,0,SOURCE: UIS Education Survey Data extracted on 25 February 2025.,SE_TRA_GRDL,12,F,ISCED11_02,PT,2025-03-05T00:00:00,2024,97.68465
2022,A,0,SOURCE: UIS Education Survey Data extracted on 25 February 2025.,SE_TRA_GRDL,12,F,ISCED11_02,PT,2025-03-05T00:00:00,2024,94.80717
2023,A,0,SOURCE: UIS Education Survey Data extracted on 25 February 2025.,SE_TRA_GRDL,12,F,ISCED11_02,PT,2025-03-05T00:00:00,2024,100.0
2024,A,0,SOURCE: UIS Education Survey Data extracted on 25 February 2025.,SE_TRA_GRDL,12,F,ISCED11_02,PT,2025-03-05T00:00:00,2024,99.49709
2000,A,0,SOURCE: UIS Education Survey Data extracted on 25 February 2025.,SE_TRA_GRDL,12,F,ISCED11_1,PT,2025-03-05T00:00:00,2023,96.6515
2001,A,0,SOURCE: UIS Education Survey Data extracted on 25 February 2025.,SE_TRA_GRDL,12,F,ISCED11_1,PT,2025-03-05T00:00:00,2023,97.3095
2002,A,0,SOURCE: UIS Education Survey Data extracted on 25 February 2025.,SE_TRA_GRDL,12,F,ISCED11_1,PT,2025-03-05T00:00:00,2023,98.24667
2003,A,0,SOURCE: UIS Education Survey Data extracted on 25 February 2025.,SE_TRA_GRDL,12,F,ISCED11_1,PT,2025-03-05T00:00:00,2023,98.78963
2004,A,0,SOURCE: UIS Education Survey Data extracted on 25 February 2025.,SE_TRA_GRDL,12,F,ISCED11_1,PT,2025-03-05T00:00:00,2023,99.0579
2005,A,0,SOURCE: UIS Education Survey Data extracted on 25 February 2025.,SE_TRA_GRDL,12,F,ISCED11_1,PT,2025-03-05T00:00:00,2023,98.94784
2006,A,0,SOURCE: UIS Education Survey Data extracted on 25 February 2025.,SE_TRA_GRDL,12,F,ISCED11_1,PT,2025-03-05T00:00:00,2023,99.59681
2007,A,0,SOURCE: UIS Education Survey Data extracted on 25 February 2025.,SE_TRA_GRDL,12,F,ISCED11_1,PT,2025-03-05T00:00:00,2023,98.1627
2014,A,0,SOURCE: UIS Education Survey Data extracted on 25 February 2025.,SE_TRA_GRDL,12,F,ISCED11_1,PT,2025-03-05T00:00:00,2023,100.0
2015,A,0,SOURCE: UIS Education Survey Data extracted on 25 February 2025.,SE_TRA_GRDL,12,F,ISCED11_1,PT,2025-03-05T00:00:00,2023,100.0
2021,A,0,SOURCE: UIS Education Survey Data extracted on 25 February 2025.,SE_TRA_GRDL,12,F,ISCED11_1,PT,2025-03-05T00:00:00,2023,98.11847
2022,A,0,SOURCE: UIS Education Survey Data extracted on 25 February 2025.,SE_TRA_GRDL,12,F,ISCED11_1,PT,2025-03-05T00:00:00,2023,95.6927
2023,A,0,SOURCE: UIS Education Survey Data extracted on 25 February 2025.,SE_TRA_GRDL,12,F,ISCED11_1,PT,2025-03-05T00:00:00,2023,91.6651
2021,A,0,SOURCE: UIS Education Survey Data extracted on 25 February 2025.,SE_TRA_GRDL,12,M,ISCED11_02,PT,2025-03-05T00:00:00,2024,99.22601
2022,A,0,SOURCE: UIS Education Survey Data extracted on 25 February 2025.,SE_TRA_GRDL,12,M,ISCED11_02,PT,2025-03-05T00:00:00,2024,97.45383
2023,A,0,SOURCE: UIS Education Survey Data extracted on 25 February 2025.,SE_TRA_GRDL,12,M,ISCED11_02,PT,2025-03-05T00:00:00,2024,100.0
2024,A,0,SOURCE: UIS Education Survey Data extracted on 25 February 2025.,SE_TRA_GRDL,12,M,ISCED11_02,PT,2025-03-05T00:00:00,2024,99.84909
2000,A,0,SOURCE: UIS Education Survey Data extracted on 25 February 2025.,SE_TRA_GRDL,12,M,ISCED11_1,PT,2025-03-05T00:00:00,2023,92.91404
2001,A,0,SOURCE: UIS Education Survey Data extracted on 25 February 2025.,SE_TRA_GRDL,12,M,ISCED11_1,PT,2025-03-05T00:00:00,2023,94.24977
2002,A,0,SOURCE: UIS Education Survey Data extracted on 25 February 2025.,SE_TRA_GRDL,12,M,ISCED11_1,PT,2025-03-05T00:00:00,2023,96.09818
2003,A,0,SOURCE: UIS Education Survey Data extracted on 25 February 2025.,SE_TRA_GRDL,12,M,ISCED11_1,PT,2025-03-05T00:00:00,2023,97.09641
2004,A,0,SOURCE: UIS Education Survey Data extracted on 25 February 2025.,SE_TRA_GRDL,12,M,ISCED11_1,PT,2025-03-05T00:00:00,2023,97.64026
2005,A,0,SOURCE: UIS Education Survey Data extracted on 25 February 2025.,SE_TRA_GRDL,12,M,ISCED11_1,PT,2025-03-05T00:00:00,2023,98.09629
2006,A,0,SOURCE: UIS Education Survey Data extracted on 25 February 2025.,SE_TRA_GRDL,12,M,ISCED11_1,PT,2025-03-05T00:00:00,2023,98.91706
2007,A,0,SOURCE: UIS Education Survey Data extracted on 25 February 2025.,SE_TRA_GRDL,12,M,ISCED11_1,PT,2025-03-05T00:00:00,2023,99.64142
2014,A,0,SOURCE: UIS Education Survey Data extracted on 25 February 2025.,SE_TRA_GRDL,12,M,ISCED11_1,PT,2025-03-05T00:00:00,2023,100.0
2015,A,0,SOURCE: UIS Education Survey Data extracted on 25 February 2025.,SE_TRA_GRDL,12,M,ISCED11_1,PT,2025-03-05T00:00:00,2023,100.0
2021,A,0,SOURCE: UIS Education Survey Data extracted on 25 February 2025.,SE_TRA_GRDL,12,M,ISCED11_1,PT,2025-03-05T00:00:00,2023,98.29376
2022,A,0,SOURCE: UIS Education Survey Data extracted on 25 February 2025.,SE_TRA_GRDL,12,M,ISCED11_1,PT,2025-03-05T00:00:00,2023,94.89594
2023,A,0,SOURCE: UIS Education Survey Data extracted on 25 February 2025.,SE_TRA_GRDL,12,M,ISCED11_1,PT,2025-03-05T00:00:00,2023,90.87601
